seqn.,myunique_id,myanger_direction,Target,mydeveloper_comment,R11,R12,R31,R32,R51,R52
1,1020231_2,oth,you ,'Pull it back in if you think different.'
2,654180_1,oth,you guys,'Sorry I guess I am against 'never computing this shit'... because you guys think returning NaN is ok.'
3,2181040_1,oth,you,'I do not have to ensure that the classloader knows groovy classes you must do that.'
4,711843_6,oth,you (implicit)/one of us,'Maybe only one of us should play lawyer and the other one play engineer.'
5,2148299_4,oth,you (implicit) ,'Also your username was stupidly named and confusing so I deleted it and created a new one more appropriate.'
6,2259612_1,oth,you (u),'fuck u'
7,1429235_1,oth,you,'damn this was assigned to you since months.'
8,685936_2,oth,you,'Where on earth are you anyway?'
9,1078380_2,oth,who,'Who made this stupid rule?'
10,2194394_1,oth,who,'who the hell starts using our jira for typing lessons ?!?'
11,1569844_1,oth,you/you,'Just to clarify... you made the DTPE handle exceptions the same way as CassandraDaemon by updating it to use NBHS instead of CSLS... Did you just tell me to go fuck myself?'
12,331800_3,oth,they,'They do not vote theywhine that something or everything sucks.'
13,579540_1,oth,you,'Oleg please accept that my 'logical' is different from your 'logical'.'
14,2014921_2,oth,you,'What the hell are you waiting for ?'
15,796834_9,oth,everyone,'Unfortunately in these days where everyone that can put a CDthe right way up in a drive is a Linux/Unix/Windows/Internet Expert this has become pretty common.'
16,1832159_1,oth,they,'Why the hell do they deliver Duration if they cannot instantiate it -/'
17,1462478_4,oth,you,'Then you are pretty well screwed.'
18,706069_21,oth,you,'But please do not say that my reasoning is bad because it is not.'
19,711843_8,oth,generic you,'Then to make matters worse since the mid-1990 is I have been offering pro bono advice to non-profit foundations whose members insult me regularly and assume I am an amateur. '
20,1014870_9,oth,you,'You are messing down deep below hbase in dfs.'
21,654182_1,oth,who,'who the fuck is asking for scores but not the max score and why does their insanely specialized use case justify all these booleans on a central lucene class.'
22,711843_9,oth,someone,'Someone but I am not sure who owes me a public apology here. /Larry '
23,571429_3,oth,you,'Do nothing Are you serious about that?'
24,985359_2,self,I,'I should have been very careful before doing this.'
25,1398734_5,self,I,'I have stupidly deleted the original test dir but judging from the suite is output files no output was created after 3 1/2 hours.'
26,987223_1,self,I,'Matt... I am an idiot I used the wrong patch. Sigh.'
27,2120525_2,self,I,'Please close as this is just me being stupid.'
28,797123_1,self,I ,'I am an idiot.'
29,2096621_2,self,I ,'I am an idiot... there is nothing wrong with the readme.txt.'
30,155457_1,self,I ,'Ok here is a patch that works. I was stupid enough not to see it...'
31,1029542_1,self,I ,'i suck.'
32,798939_1,self,I ,'Shit I missed a cast.'
33,1769700_1,self,I ,'What a stupid name I chose for that object... -'
34,2495101_1,self,I ,'I am an idiot this was a dupe of GUVNOR-84'
35,795658_1,self,I ,'oh ...geez I am an idiot.'
36,520683_2,self,I ,'I did it wrong this time.'
37,878663_1,self,me,'Oh my stupid'
38,376155_4,self,I ,'Am I doing something stupid here?'
39,756748_2,self,me,'Aaarrggh how stupid of mine to have a System.out again!'
40,2132543_1,self,I ,'Damn I forgot.'
41,137361_2,self,me,'This was a very bad bug introduced by me being an idiot.'
42,2120525_1,self,I ,'Crap forgot to verify that this is inconsistant with MRI it is not.'
43,305224_1,self,I ,'Swear to god I am not a total idiot.'
44,1024843_1,ob,Idiot-path,'Idiot Yeah I was on that idiot-path for a good while but commons-lang is a hairball at least where this hashcode making and equals is concerned.'
45,367902_5,ob,That,'I did not know we needed to retain backwards config capability across 3.x to 4.x That sucks and it will make old code stick around longer.'
46,1687237_4,ob,digas.log,'Filling diags.log is bad mojo since it is never rotated.'
47,681152_1,ob,API,'I wholeheartedly agree this API is confusing as hell.'
48,362807_1,ob,that,'Hmm that sucks.'
49,1182528_1,ob,It,'This looks reasonable to me... sucks we have to special case handling of ' '...'
50,367677_1,ob,that,'Ugh well that sucks.'
51,370394_4,ob,this,'This is bad.'
52,807104_1,ob,maven,'Damn maven!'
53,1037141_1,ob,sed,'Original edited patch was messed up... stupid sed!'
54,1460620_5,ob,you (jira co-reference),'Jira I wish you did not suck so much.'
55,1575811_3,ob,that,'That would suck.'
56,1217410_1,ob,Linux,'Ok wow welcome to Linux hell...'
57,306519_2,ob,my diff program,'I do not know how the hell my diff program decided to add seemingly random CR chars but I have removed them now.'
58,132669_2,ob,nan,'This way lies metadata hell.'
59,716082_59,ob,This (co-ref),'This is always a really bad way to design software.'
60,659090_1,ob,this,'Hmm ... this is quite bad.'
61,676102_5,ob,This (co-ref resolution),'This just seems really evil.'
62,1442549_8,ob,That (co-ref resolution),'That is bad.'
63,2181040_11,ob,Debugging,'And debugging is hell because the test environment needs to have the exact same loader setup.'
64,227345_1,ob,Recommendation,'the recommendation in the wiki is bad.'
65,353052_1,ob,This autoboxing shit,'BTW This is one reason why I hate this autoboxing shit since Java 5. I would love to have a way to prevent it in code forbidden checks should detect this somehow.'
66,2470534_1,ob,That,'That sucks why is not the escape mechanism working?'
67,422120_1,ob,This/bug,'This is a pretty awful bug.'
68,653972_4,ob,jar hell,'-1 to jar hell.'
69,193462_1,ob,This,'This really sucks!'
70,1808616_1,ob,Maven (stupid maven),'Stupid Maven'
71,484844_2,ob,Error (stupid error),'I always get the same stupid error.'
72,379645_2,ob,That/(bad) design,'Indeed that would be VERY bad design.'
73,709675_2,ob,DLL hell,'I am starting to think of 'DLL Hell.''
74,1805685_2,ob,Thing,'I am currently trying to get it into AJDT dev builds but my git push is timing out damn thing!'
75,1575813_1,ob,Thrift,'Wow it is like Thrift is going out of their way to make life suck for us this month.'
76,2268304_1,ob,This,'This sucks badly.'
77,2264018_2,ob,That,'That irritated the hell out of me too but I did not realise it was configurable in the .launch file.'
78,564075_2,ob,HTML,'HTML is quite uncomfortable to work with.'
79,1600589_7,ob,Food,'The food is very bad.'
80,2350557_2,ob,Bug (from hell),'Finally closing this bug from hell.'
81,689700_12,ob,It,'How on earth is it buggy?'
82,1197428_8,ob,Tabs,'Tabs are evil.'
83,1742310_1,ob,That,'Wow that was some bad copy/paste work.'
84,2127189_2,ob,This,'This sucks so much...'
85,289511_5,ob,IE (Bad IE),'Bad IE.'
86,313850_1,ob,That,'durrrh that sucks.'
87,822155_2,ob,This patch,'Since this patch is so damn large already I wo not be making anymore changes to this other than critical/blocker bug fixes.'
88,1574716_1,ob,That,'Well that sucks.'
89,711427_1,ob,That aspect,' I hated that aspect of working for commercial companies.'
90,1099350_2,ob,SVN,'Blooper after blooper I hate SVN.'
91,1582964_1,ob,The Async API,'The Async API in http client 4.x really sucks.'
92,1687818_1,ob,That shit ,'It seems some of the wrappers in ink_hrtime.h might no longer be used either e.g. ink_gettimeofday is never used so lets get rid of that shit.'
93,1078380_4,ob,This,'Sorry but this is just stupid.'
94,715083_3,ob,This,'This sucks.'
95,2132048_1,ob,This,'Damn I would close this out from the fix to JBSEAM-3742 except the quartz and seampay examples use a custom XML namespace and the XML schema validator is not happy with that.'
96,320617_4,ob,IE6,'Im stuck with IE6 unfortunately.'
97,2085431_2,ob,It,'It really sucks that there is now way currently to include transitive dependencies.'
98,2153268_1,ob,It,'Damn it seemed it did not work.'
99,1625109_6,ob,nan,'I just hate having no clue what a file is really depending on '
100,711843_7,ob,This (shit),' I used to be the latter but then I went to law school and got a degree in this shit. '
101,350972_1,ob,Query shit,'As far as the query shit i have no idea if solrdispatchfilter or whatever could/should do Thread.currentThread.setNamex or whatever and maybe restore after'
102,2162609_1,ob,It (to lose code readability),'It sucks to lose the code readability but it seems like a reasonable price to pay.'
103,1692382_1,ob,this (bug system),'Qianshi is working on the SSL session reuse but this buggy Bug system does not allow him assign this ticket sigh'
104,161056_1,ob,this,'Sigh I do not like this overall if ca not reuse everywhere.'
105,1093662_2,ob,attempt,'I found the sad attempt at a script you asked about and uploaded it to MAPREDUCE-4282.'
106,1446136_2,ob,(something) ,'Kind of sucks.'
107,766334_3,ob,Eclipse UI,'The eclipse ui was completly stuck which was similiar to the other experinces.'
108,1553771_1,ob,Shit load,'It also happens at the very startup after he has loaded only 3 sstables hence DataTracker likely have 3 sstables not a shit load.'
109,540214_1,ob,Derby,'If I can give you one advice on this one I would say this fuck Derby use H2 instead as the default embedded database.'
110,1345883_2,ob,(evil) NPE,'The evil NPE strik back !!'
111,801851_3,ob,It (would be),'But even if it was not it would be totally worthless where it is at.'
112,1017556_1,ob,nan,'And I think if we are going to do a sweep up of shit we should just kill root.'
113,1015575_79,ob,Which,'which is silly bad package encapsulation.'
114,132669_1,ob,Fetch groups,'Negative I am against fetch groups in principle.'
115,440583_1,ob,That,'You would need to implement session resume thats a whole new can of worms.'
116,653331_5,ob,(the) rest,'The rest are totally unrelated.'
117,769631_1,ob,(stupid) bug,'A stupid bug in a patch that is already applied.'
118,339681_3,ob,Test,'If so a test that succeeds with errors is confusing as hell...'
119,1573478_1,ob,Intellij,'+1 damn intellij it is not like patch format has not been standard for years'
120,695744_3,ob,This,'This was very bad documented.'
121,1001112_1,ob,This ,'guys... this is so stupid...'
122,369884_1,ob,This ,'bq. this is solr is fault by having a getter that does some heavy duty xml shit.'
123,390380_1,ob,Dyslexia,'Damn dyslexia!'
124,1078538_5,ob,nan,'But I will quit committing to Hama then because I am not going to support ONLY a binary format.'
125,2263196_1,ob,This,'Hell this is gonna take me a lot of work to raise.'
126,367179_1,ob,It,'Oh man ... it is a fucking precendence problem.'
127,371904_5,ob,It (sucks),'I think we all know it just sucks.'
128,291420_1,ob,Sun RI (sucks) ,'Sun RI sucks why the hell is saveState and restoreState not called with with javax.faces.STATE_SAVING_METHOD = server???'
129,1544868_5,ob,nan,'Well either you query the database every damn time and your plugin/tool/code will be super slow.'
130,156058_1,ob,It,'It was a pretty stupid idea to use a static array of instances for QuorumOpMonitor.'
131,30216_1,oth,You,' Also you are incorrect.'
132,992325_1,self,I,'Ahhh I am stupid it works with hbase-git repository.'
133,788525_1,oth,Users,'correct we hate users and never do what they ask for.'
134,133947_1,ob,Acronyms,'Damn acronyms Can you please elaborate on what does PIA mean?'
135,236504_2,ob,(stupid) explorer,'Everything works like a charm now even in stupid Explorer -'
136,77406_2,ob,nan,'I gave up with Hibernate and switched to OpenJPA.'
137,32970_1,self,I,'I stupidly did not cherry-pick my follow-up commit to 4.2.'
138,385337_2,ob,it,'I would hate to see it slowed down in the name of type-safety esp in code that Solr users do not have to interface with.'
139,371670_1,self,I,'I am an idiot .. trying to catch up on mail i completely missread almost everything about this issue.'
140,797123_1,self,I,'I am an idiot.'
141,2128962_1,self,I,'I am frankly a bit stupid sometimes.'
142,2122572_1,self,I,'I am stupid.'
143,35484_2,oth,You,'If you do not really care about this or do not really want it go ahead and close this issue.'
144,2115328_2,oth,You,'If you have got data coming in that is a gigantic decimal and you are allowing that through and then you are also trying to turn decimals into strings...maybe you are getting what you asked for.'
145,381049_1,oth,(implicito modo di abbreviare),'Just a quick and petty comment + public static final String NEW_SEARCHER = 'newSrchr' + public static final String FIRST_SEARCHER = 'frstSrchr' No need to abbreviate so obtusely!'
146,102573_1,ob,making,'Making class attributes protected is evil and will not happen.'
147,991526_1,self,I,'Man I am such an idiot.'
148,32529_1,oth,(implicito),'Not going to sit here and argue this.'
149,795658_1,self,I,'oh ...geez I am an idiot.'
150,124282_2,oth,Engineers,'Or ask their engineers to fix their issue?'
151,819471_2,self,me,'Problem was me being an idiot.'
152,2219752_1,self,me,'sometimes people can be so blind... Stupid me did not saw that SubClass is not extending SuperClass.'
153,675944_1,self,I (implicito) oppure comment (se other),'Sorry my last comment was stupid as 1/8 of 8TB is still larger as Integer.MAX_VALUE I was thinking of Long.MAX_VALUE.'
154,1394914_1,self,I,'Sorry I am an idiot.'
155,376569_1,ob,mistake,'Stupid mistake.'
156,122412_1,oth,you (implicito) ,'Then sure would have been nice to have it reported before 3 days ago.'
157,124674_2,ob,this,'This happened to me a dozen times in the last years maybe we can change the exception message?'
158,939164_1,self,I,'Ugh I am an idiot I already committed it.'
159,788525_2,oth,you (implicito) ,'users however who contribute and help out tend to get their wishes just like in an open source project scratch your own itches.'
160,1600504_1,oth,you,'Vadim you are keeping us busy .'
161,127030_2,ob,resolution,'wrong resolution'
162,2221195_1,self,I,'yes I already said that my comment about assertEquals was stupid.'
163,237618_2,ob,requests,' Synchronous requests are evil and they lock the browser...'
164,1554696,ob,fix,'A somewhat kludgey fix for IntegerType data in cassandra.'
165,2095536,ob,encoding,'Another case where Windows' default encoding is mucking us up I am sure.'
166,2120525_1,self,I (implicito),'Crap forgot to verify that this is inconsistant with MRI it is not. '
167,360160,oth,you (implicito) ,'I do not care if everything is pretty or not but we should at least support basic admin functionality in IE IMO though I have not used it for years for just about anything.'
168,237618_1,oth,anyone,'I do not say this would be difficult to add but why on earth would anyone want to do that?'
169,677195_1,oth,You (implicito),'I do not think my comment was ambiguous. '
170,1540357,oth,you,'I suggest you try again with some actionable problem analysis 'here is what causes repair to become stuck here is how we should fix that' and without the 'everyone but me is an idiot' attitude.'
171,673511,ob,java,'I think java 7 close-with-resources is stupid too.'
172,531338,self,I,'I am stupid thanks David'
173,660665,oth,someone (he or she),'If someone changes their similarity to use a different norm type at index-time than at query-time then he or she is an idiot!'
174,661653,ob,autodetection,'It is not biggish It is same code as before I do not care but the RA autodetection was always horrible to me now its hidden behind something else!'
175,360134_1,ob,it,'It is not only useless its as stupid as shipping with rt.jar... '
176,235879_1,ob,it,'It sucks but we wo not fix this for this version. '
177,1569844,oth,you,'Just to clarify... you made the DTPE handle exceptions the same way as CassandraDaemon by updating it to use NBHS instead of CSLS... Did you just tell me to go fuck myself?'
178,2179389,self,me,'Me being stupid nevermind -'
179,1067848,self,I,'no I am probably being an idiot...'
180,653758_2,self,me (implicito),'Not my day more beer needed!'
181,1184774_2,ob,this,'Not sure there is much we can do about this except for add an external script and/or shell out to execute that script from antrun... sucks.'
182,653758_1,self,(implicito e ambiguo presumibilmente si riferisce a sé vista la seguente faccina),'Oh fuck Sorry. '
183,685363,self,something,'Oh forgive me if I just said something stupid '
184,878663,self,my,'Oh my stupid'
185,2120525_2,self,me,'Please close as this is just me being stupid.'
186,1571360,self,that,'Reattaching v2 previous had a stupid mistake sorry about that.'
187,1184774_1,ob,Java,'So Java sucks when it comes to file perms... even if we unzip or untgz these files they will NOT have the correct permissions. '
188,121129,self,me,'Stupid me I looked at PersistentBag.addint Object instead of PersistentBag.addObject'
189,826415,ob,this,'This is especially bad because if executing via a Hive Server it will cause the service process to crash. '
190,654611_2,oth,we (fieldnumber se object),'We should not invoke the global synced fieldnumbers shit for every element only when the setting actually changes'
191,654182,oth,who,'who the fuck is asking for scores but not the max score and why does their insanely specialized use case justify all these booleans on a central lucene class. '
192,661563,self,I (implicito),'Whoops there is a stupid 'if i != 5 continue' on line 68 which I should have labelled with a NOCOMMIT that is in the patch.'
193,236635,ob,it,'yeah well it still seems pretty damn stupid to me obviously 2 doesnt have any negative values if i am testing for something that is odd it is natural to test if 2==1 not if 2!=0 in fact it made me stare at it for a while....'
194,235879_2,ob,case,'Yet another stupid corner case people might bump their heads against '
195,178034_2,ob,moving things,'I hate continually moving things back but it really is a better place to get fixed especially considering the major configuration changes that have happened there.'
196,10179_49,ob,migration,' sannegrinovero hardy I guess that since I am living the Lucene4 migration pain myself I can see how people get put off when a library changes too much in one go.'
197,184871_1,ob,that/commentary,'That is truly wonderful and yet delightfully useless to anyone who ignores the insulting commentary and tries to use the link.'
198,190503_3,ob,hacks,'The drop shadow is not possible without some ugly css hacks unless you add another text node behind the one you want to shadow.'
199,315174_2,ob,it,'It is so annoying having to add the fix manually to each new release of tapestry Please!'
200,186095_17,ob,those,'I hate those I never say never but I do not think this is the issue.'
201,138723_2,ob,This/model,'This is a terrible data model and not at all common.'
202,166136_3,ob,ContainerRequest/data object,'ContainerRequest is a dumb data object.'
203,160416_6,ob,to do it,'So as much as I hate to do it we can add a config yarn.client.static-nmtokens-cache that is set to true by default.'
204,35532_1,ob,this,'This is such an annoying thing missing in Hibernate.'
205,167004_3,ob,this,'I am -1 on changes for CS this really complicates reservations and could lead to too much fragmentation.'
206,312691_4,ob,that,'Workaround that is approachable Inject Path '/prototype.js' private Asset _prototypeJs boolean beginRender MarkupWriter writer throws Exception tDocument d = writer.getDocument tElement head = d.find'html/head' t thead.element 'script' 'src' _prototypeJs.toClientURL But that somehow is ugly.'
207,134697_2,ob,I,'I hate html incompabilities.'
208,153322_7,ob,it,'I am going to go with 2 for now although it is ugly because it is correct and hopefully relatively quick to do. '
209,287744_3,ob,log message,'I know the log message is annoying but it does not break the server as you state.'
210,314175_1,self,I,'Ok I am just stupid.'
211,188432_4,self,I,'I have been very stupid not thinking about destructors ... '
212,29410_1,ob,loop,'The inner processing loop of HS is not very robust and dies a horrible death in the event of any form of exception such as ENFE.'
213,138210_6,ob,posting/capability,'With regard to using the forum I think it is been pretty worthless posting there moreover the searching capability to try to find an answer is horrible for complex search queries.'
214,132775_1,ob,it,'More annoying it seems to ignore Transient annotation since the following method causes the problem Transient public Set getTerminalIds return null '
215,184185_4,ob,fix,'Not a good fix!!'
216,137496_26,oth,users,'- Funny how many users are so willing to complain about Hibernate not 'properly' handling faulty JDBC drivers. '
217,141771_1,oth,Anyone (implicito),'Seems like I am not getting support for good design ideas second one that is rejected.'
218,141234_2,oth,users,'Users can be stupid AND arrogant at the same time!'
219,124080_1,ob,this/bug,'This is a very annoying BUG and unfortunately the above descriptions and motivations suggest that it will not be easy to fix it.'
220,116410_10,ob,effect,'The annoying side effect for providing your own connection is the ON_CLOSE warnings it gives when the session is closed.'
221,292218_4,ob,to have,'I would hate to have attributes like 'maySelectInPast' 'maySelectInMarch2005' coming up regards Martin'
222,28869_2,ob,Intellij,'I am going back to eclipse just battling too much with IntelliJ.'
223,295244_1,oth,you,'Reopening it I hate you Anonymous!'
224,295395_3,self,me,'Alas I still see the same failures as before on Linux and shame on me for not mentioning the platform earlier.'
225,33651_1,ob,this/issue,'4.2.1.Final still has this annoying issue.'
226,137979_1,ob,this/error,'HB-1114 was closed without fixing it but this error is really annoying.'
227,138648_3,ob,which (however … identical),'However DB2390Dialect and DB2400Dialect are now identical which is kinda ugly...'
228,82177_2,ob,this,'This is getting annoying.'
229,164302_1,ob,removing,'Removing the ability to request multiple containers would be an annoying regression for a large class of applications that merely want a non-locality-constrained bunch of processes on the cluster.'
230,186269_7,ob,Invalid/identifier,'I agree that INVALID is a horrible identifier.'
231,166633_6,ob,this/issue,'I do not know if this is a serious issue but will definitely be annoying for someone trying to monitor application container.'
232,510834_2,oth,you,'shame on you'
233,140253_2,ob,this,'However the Deprecated annotation must not be used as this is noisy and annoying for users.'
234,168967_14,ob,Method-names,'AbstractService The inner method-names do not look good when using the service stuff.'
235,179857_2,self,my ignorance,'It appears that there are no show-stoppers then besides my ignorance in compiling the schema.'
236,186407_11,ob,patent issue,'Nowadays almost anything could fall in some stupid patent issue.'
237,35533_1,ob,this,'This is indeed annoying especially when your moving from an other persistence api where it is possible.'
238,16672_1,ob,system,'Ah stupid modular system.'
239,176406_2,ob,they,'They might be a bit annoying to write for this class but doable.'
240,295394_3,self,me,'Alas I still see the same failures as before on Linux and shame on me for not mentioning the platform earlier. '
241,132409_2,ob,thing/expansion,'The only annoying thing left here is 'parameter-list expansion' and that is very non-trivial...'
242,314199_2,ob,hacking,'Hacking ResourceStreamerImpl to use System.currentTimeMillis when lastModified == 0 and a suitable change in AssetDispatcher.java to send not modified even when lastmodified == 0 is an ugly workaround but appears to solve the issue.'
243,183455_2,ob,mechanism,'I hate that mechanism!'
244,164236_10,oth,somebody,'But we cannot stop this from happening if somebody is doing something stupid.'
245,663569_6,ob,methods,'In Solr we should also add commons.io to this classpath as lots of tests and core classes use the horrible IOUtils methods to converty binary files to strings or copy InputStreams to Strings.'
246,138211_3,oth,you,'If you think our help is worthless please talk to yourself. '
247,156474_2,ob,formatting,'Oh the formatting is ugly but the result is the same.'
248,183997_1,self,I,'Well I did a stupid thing.'
249,291821_2,ob,that is loggedd as an ERROR,'No matter if this will be 'fixed' it is annoying that it is logged as an ERROR.'
250,178186_1,self,I,'OMG I did not realize that it is in utils package.'
251,292116_4,ob,this (in=it?),'This is quite an annoyance as I want server-side switching and statefulness but in looks horrible in IE.'
252,319977_10,ob,to find that…,'It is rather frustrating to find that there is enough time to complain and hack around things but apparently not enough time to collaborate.'
253,10384_1,ob,workaround,'Well in my case I now use an ugly workaround splitting the string adding as a must and catching the errors when I encounter a stopword term in a number of places.'
254,1626_9,ob,that/idea,'And as for 'changing it just in Maven' sorry but thats a stupid idea.'
255,180024_4,ob,it,'As it stands its just plain nasty.'
256,182725_4,ob,this/problem,'This is a pretty ugly problem if you want your XML to be pretty-printed then your text content will get mangled.'
257,122118_1,ob,this,'I am also bitten by this nasty!'
258,187748_9,ob,macros,'I think calling getCharRefcount fAposRef gAposRef directly is not that much typing Macros are the spawn of the devil I hate them.'
259,179736_6,ob,thing/when creating..,'The annoying thing is when creating the .jar with xmlbeans itself only way working so far I do not have full control about javac options used.'
260,286713_7,ob,code,'It is too much code for this unusual usecase.'
261,186014_4,ob,transcoder,'Perhaps the thing to do is to rely on a stack-based buffer for strings up to a certain length plus couple that with a dumb transcoder that only does ASCII characters.'
262,136450_1,ob,bug,'stupid bug.'
263,317333_1,ob,it,'I have came across this one lately and it is annoying indeed.'
264,2295_1,self,I (implicito),'It was another dumb error from my part.'
265,77365_2,ob,bug,'Extremely annoying bug I ca not imagine this is a feature.'
266,190865_1,ob,xsl,'The annoying xslkey bug is still present in the current Xalan-J Subversion trunk version.'
267,28365_8,ob,bug,'That was a nasty bug. '
268,972_1,ob,test case,'Honestly the test case attached is not very good.'
269,2455_1,ob,making MetaAttribute mutable,'And yes I agree with you that making MetaAttribute mutable was quite ugly.'
270,133953_2,ob,stuff,'Stupid kiddie trackback stuff.'
271,447819_1,ob,this,'I am giving up on this.'
272,177105_2,ob,this/hack,'This is a really ugly hack and the better long-term solution is to provide native support for collections that use generics rather than the XWorkList.'
273,280730_1,ob,bugs,'Fixed stupid buffer size bugs.'
274,183010_4,ob,the Great Namespace Debate,'Advice This is partly related to the Great Namespace Debate/Debacle which consumed entirely too much W3C attention for entirely too long.'
275,30241_6,ob,using,'Using a Date as a PK is horrible.'
276,135733_6,self,I,'I must have dumb hat on today.'
277,14358_2,ob,performance,'The screaming read performance of Hibernate Search is offset by horrible write performance as an update to a branch in a Document cascades back to a full root object initialization as the entire Document has to be recreated from scratch.'
278,129071_1,ob,issue,'This issue is really annoying... another possible fix.'
279,167788_22,ob,this/check,'launchContext.getUser.equalstokenId.getApplicationSubmitter this is now a worthless check.'
280,376569_1,ob,mistake,'Stupid mistake.'
281,153473_14,ob,checking,' Checking an environment variable to decide whether to wrap the callback in a Ruby thread is ugly.'
282,140424_14,ob,when I define a provider…,' -1 for adding a dependency to CDI I find it a bit annoying as a user when I define a provider in the XML descriptor but I also have to use a qualifier in my injection points.'
283,23560_1,ob,this,'I do not like this too much.'
284,187958_8,ob,hacking,'So yes using the XMLEntityResolver works better turning this solution from an awkward hack to a merely annoying workaround.'
285,146027_1,ob,issue,'I am submitting a simple patch to solve this annoying issue.'
286,135966_4,ob,all variables are …,'Also all variables except dates are defined not-null instead of a null for a FK string they use a single space really annoying.'
287,135151_1,ob,this,'I found this annoying so I has a crack at it.'
288,313228_1,ob,that uploads are..,'Annoying that uploads are so hard to test even with Selenium.'
289,176103_2,ob,confusion,'The confusion and mixup between OgnlValueStack ActionContext ActionInvocation etc is too much.'
290,280436_1,ob,it,'Moving out to 2.3.0 I do not think this is an 'urgent' fix but it is annoying .'
291,2079310_1,self,me,'Stupid me.'
292,14355_1,oth,you (implicito) ,'I see you are hacking around our nice APIs and then complain it does not work thanks that helps I will make a test using a free form fieldbridge.'
293,150845_1,ob,that/error,'wow that is a really dumb error!'
294,133640_5,ob,bug,'This bug is really annonying because RHEL 5 install version 5 of MySQL No support on MySQL 4 MySQL 4 is at end of his lifecycle in JPA it is so ugly to change our code from boolean to int a search in google 'MySQL 5 boolean BIT problem' shows so many desesperate people credibility of jboss this bug is so annoying that my team does not understand that it could be possible they are afraid that it could have other ugly bugs.. Laurent Mallet CTO of Oxalya '
295,77362_5,ob,guessing,'Still this guessing that Hibernate does here strikes me as ugly and I will from here on specify by defining the 'hibernate.connection.provider_class' property whether it is required or not. '
296,33614_2,ob,exceptions,'I have seen many situations in which new JPA 2.0 style derived identities cause horrible mapping exceptions essentially making the underlying ORM useless with these mappings.'
297,318959_2,ob,typo,'The typo is annoying but does not otherwise break anything.'
298,164379_16,ob,filter,'If the implementation of the interface has no choice but enumerating each applications and then check the filter is worthless of being pushed back.'
299,140422_7,ob,when I define a provider…,'=I find it a bit annoying as a user when I define a provider In the XML descriptor but I also have to use a qualifier In my injection points.'
300,191575_3,ob,to require a Java program…,'As an end-user of Xalan it is very annoying and user-unfriendly to require a Java program to be written to support features that are based on an XML standard atleast three years old.'
301,19065_26,ob,onField,'onField onField is not a good name.'
302,26078_2,ob,that you canot necessarily…,'The annoying thing is that you cannot necessarily predict how many concurrent DB connection you will need.'
303,140861_2,ob,behavior,'I am not too fussed about the backward compatibility the previous behavior was stupid.'
304,135846_1,ob,something,'hmm got it deployed to tomcat but apparently some classloading issues since the filter cannot see the hibernate3 jar......something stupid probably '
305,147725_2,ob,which (bug),'but i found another related bug which is also annoying which i will create another bug.'
306,990_1,ob,issue,'Also just encountered this issue when using Maven very annoying...'
307,140520_4,ob,which (example),'Consider the following example which is really ugly in my opinion if implemented on bean level Consider would be a binary constraint allowing to reference another property that provides the maximum value.'
308,173372_2,ob,user experience,'It is a terrible user experience when AMs do not start as they are expected.'
309,138110_2,self,me,'me stupid.'
310,313478_2,ob,part,'Ugly ugly ugly part of the fix Using surefire plugin 2.4-SNAPSHOT.'
311,143230_1,ob,which (it is failing…),'Yes it is failing a LOT these days which is annoying.'
312,182830_2,ob,name,'In xerces-bug.xsd I hate this file name you have attributeFormDefault='unqualified' which means local attribute declarations in this schema document do not have a target namespace.'
313,2966_3,ob,problems,'But it leads to really annoying problems.'
314,254109_2,ob,bug,'It is a simple fix for an annoying bug...'
315,167787_9,ob,this/check,' this is now a worthless check.'
316,315526_3,ob,this/behavior,'This does not seem like a good default behavior.'
317,151519_4,ob,flag,'the sequential flag is a particularly ugly piece.'
318,184961_9,ob,discussing…,'However discussing small things like this on mailing lists and/or Jira takes too much time what have taken half an hour over IM would have probably taken several days considering that a lot of people are living in different time zones.'
319,149680_2,ob,sleeps,'I hate sleeps in tests btw!'
320,139902_1,ob,bug,'1. this bug was stupid 2.'
321,166791_4,ob,clients pulling individual…,'I would agree clients pulling individual config keys is a terrible way to get these clients working.'
322,14428_4,ob,having to use…,'The only annoying part is having to use variables for the transitive dependencies.'
323,178539_9,ob,it/hack,'It is an ugly hack nice for testing but nothing else.'
324,16749_2,ob,fix,'It makes my test case pass but I am sure my fix is ugly.'
325,136799_1,ob,complexity/value,'-1 too much complexity for very little value'
326,180454_3,ob,this,'But this is stupid.'
327,190726_1,ob,implementation,'I would argue that this duplicates the XALANJ-2461 which is about the same thing but older and more generic it is not really about spaces only but a dumb implementation which ignores required de-escaping.'
328,185938_2,self,I (implicito),'One was that 'my improvement' behaves really poorly shame on me that I have offered it here untested.'
329,150626_3,oth,Anyone (implicito),'It would be great to get folks to stop whining when they have to write documentation and stop blaming Forrest.'
330,30011_2,self,I (implicito),'Part of the problem is I made a very very stupid mistake with regards to how the ServiceTrackers are opened and managed.'
331,148971_1,ob,to re-implement,'I would hate to re-implement something so basic.'
332,179072_2,ob,bug,'This bug is really annoying... Whe running WebSphere 6.1 and 7.0 and we also had to remove those classes.'
333,145891_4,ob,it,'This works but it is ugly.'
334,185706_3,ob,“10”,'|1' It correctly matched months 1 to 9 that were just before that annoying 10.'
335,291608_4,ob,to copy…,'So duplicate code is our only option here as much as I hate to copy code myself.'
336,29229_1,self,I (implicito),'Stupid oversight on my side.'
337,159493_2,ob,exception,'Most of it is rather trivial with one ugly exception.' 
338,190739_32,oth,to see how much code…,'If everything that is written has to fit your arbitrary 'feel good' rule I would hate to see how much code is going to actually make it into production.' 
339,128828_3,ob,this,'I mean this is simply stupid Animal a = new Dog Cat c = Cat a now c is magically set to null It is difficult to change the scenario where get leads to the entity being loaded from the database such that it throws a CCE.' 
340,186403_1,ob,bug,'I met the same annoying bug with xerces C++ 2.7.0.'
341,116381_1,ob,this,'Yes this one is annoying.' 
342,135475_4,oth,you (implicito),'Next time please put a failing test case with your code and do a proper patch file i am wasting too much time on false assumption fixes.' 
343,137245_4,ob,this,'I am sure you can understand why this is very annoying to the development team.' 
344,121658_1,ob,bug,'Definitely a nasty bug.' 
345,54438_2,ob,this,'I have just encountered it and this is terrible.' 
346,2162187_2,ob,that java doesn’t have…,'Its annoying that java does not have a Null object as such perhaps when we detect a null we can wrapp it with a NullField or something?' 
347,130859_3,ob,it,'I have the Oracle 10g driver lying around here somewhere but it is still annoying.'
348,139869_1,ob,it,'I am running into the same problem as Alexandrino and I have to say that it is very annoying during development as all my jars are coming from the Maven Repository directory in the Documents and Settings directory and I am unable to start any of my projects this way.' 
349,169148_2,ob,having to get it all set up…,'I personally hate having to get it all set up to be able to test a patch.' 
350,175982_1,ob,idea,'Stupid idea.' 
351,137722_1,ob,JIRA,'Stupid JIRA just lost a long comment I made.' 
352,141571_2,ob,rule,'However the spec is vague enough and the rule stupid enough for me not to want to apply it right away.' 
353,318961_1,ob,typo,'Typo is annoying but not worth fixing given caught in the netherworld of code that has a public API that must be stable and code that is almost never called from outside the framework implementation.' 
354,183841_1,ob,when someone adds…,'Damn I hate it when someone adds an incompatible change overnight It will be back tomorrow so we will see how it goes.' 
355,138221_7,oth,you,'So you should probably stop blaming my ignorance.' 
356,141234_4,oth,you (implicito) ,'Basicfetch=LAZY Lob Go to the user forum next time and avoid insulting people even committee people does not deserve that.' 
357,173679_1,ob,this,'Yes this indeed is annoying.' 
358,29607_8,ob,That 16 number,'The correct result which I expect is indeed 15 so that 16 number is upsetting my views.'
359,141292_2,ob,workaround,'The workaround of creating delegate getters and setters for composite key fields is ugly.' 
360,315086_2,ob,this,'This is just something I naturally find annoying.' 
361,141674_3,ob,it,'Now I have to do in base classes something like public MyBase set the value of discriminator is field kind = this.getClass.getSimpleName I think it is really ugly ' 
362,239914_2,self,I,'I am dumb.' 
363,221245_7,self,I,'I am even more terrible with names so I will defer to Nick is suggestions...' 
364,201953_4,self,me,'I am presuming its something that I am totallly blindly missing.. dumb ol' me!' 
365,234136_1,ob,that (if a colon is …),'hmm but that is horrible if a colon is encoded because then the default wicket url the redirect url will be completely blown up.' 
366,454472_2,ob,when I get a message…,' In some places the code was doing System.err.printlngexception which I modified to exception.printStackTraceSystem.err because the original code does not print out the whole stack trace and it is really annoying when I get a message on the console that does not tell me where in the code it happened. ' 
367,313892_3,ob,hack,'Now I do not have to use this ugly hack in them anymore!' 
368,392353_5,self,I (implicito),'Dumb newbie mistake I will hopefully not repeat.' 
369,291082_2,ob,this,' This is really annoying because I use a lot of Javascript inside the datatables and now I get script errors and my pages are not submitable.' 
370,289532_1,ob,bug,'I am assinging this to me this is easy to add since I am doing a complete overhaul of the positioning i can add this as well the bug is visually annoying ' 
371,302210_5,ob,ifdefs,'I agree the ifdefs are ugly and I wish they could be avoided.' 
372,217126_3,ob,that if you have one…,'It is annoying that if you have one of the test-reports opened with eg vim 'ant test' will faill with prepare Deleting directory Dsrcwss4j_wss108trunkbuildtest-reports BUILD FAILED Dsrcwss4j_wss108trunkbuild.xml257 Unable to delete file Dsrcwss4j_wss1 08trunkbuildtest-reports.TEST-wssec.PackageTests.xml.swp'
373,487953_1,self,I (implicito),'This was no bug i had to clear my browser cache stupid mistake sry' 
374,310077_1,oth,proposal,'For WildCard types in C++ a dumb proposal.' 
375,216244_7,ob,to restart my server …,'I hate to restart my server everytime I need to add a new mapping or change the existing.' 
376,244605_5,ob,that (incrementing a counter),'If it is about incrementing a counter of course that would be dumb... Makes me think that most of the SimpleDateFormat instances should also be stored in ThreadLocal...' 
377,223368_1,ob,this,'This is very annoying for anyone who uses SSL on their site.' 
378,251846_13,ob,page,'I know the page is ugly and maybe quite confusing specially after seeing Niall's...' 
379,314287_2,ob,mistake,'Stupid catch block mistake.' 
380,229479_1,ob,division,'gah i dont want to have the stupid modules division again.' 
381,239466_1,ob,diff,'Stupid git diff.' 
382,250672_3,ob,that currently…,'It seems stupid to me that currently you cannot access that data without using a helper function.' 
383,243184_1,self,I (implicito),'Wow that was dumb on my part.' 
384,243692_7,ob,thing,'The Java 5 thing is annoying I have heard some noise that forrest is working towards a release 'rsn' as part of which the java 5 requirement would be dropped.'
385,215257_1,oth,you,'Jason you are worthless!' 
386,202245_10,self,I (implicito),'I will do my best to find time tomorow to test your code..I have to find that time just to alow you to forgive my stupid mistake....' 
387,287950_2,ob,it/to sign anything…,'but i hate it and really think it is useless to sign anything in this case so i prefer the option of deactivating it if you have such a constraint.' 
388,243870_1,ob,problem,'I did that two days ago and again we have the same annoying problem.' 
389,249531_12,oth,to assume…,'Do not you think it is a little arrogant to assume that if an example 'found in many velocity books' does not work for you that the problem is with Velocity rather than with your use of it?' 
390,299276_12,ob,to put Jukka into…,'But I would hate to put Jukka into n-way merge hell.' 
391,294674_2,ob,mapping,'If you add this stupid servlet mapping tiles /blahblah it seems to work.' 
392,244094_1,ob,bug,'This annoying bug is still present.' 
393,285644_1,ob,to use,'from Simon is email Hello all Currently that method requires a string array and it is kind of annoying to use because of that.' 
394,202245_5,self,I,'But after taking another look to your patch I see that I am stupid.....' 
395,239898_2,ob,dependencies,'I hate nodejs dependencies for exactly this reason.' 
396,214332_1,ob,exception,'The exeption seen here is annoying but seems to break nothing.' 
397,318969_1,ob,this,'This can be annoying because the exception report stops short of where the really useful detail goes.' 
398,196337_2,ob,code,'The code in this class is quite ugly at the moment.' 
399,208316_1,self,I (implicito),'I hate it when I do that Marking resolved as per reporter is comment.' 
400,202300_11,ob,to have to find out…,'I also found it annoying to have to find out what to install and where.' 
401,315366_1,ob,that,'I agree....That is hugely annoying and has stung me several times as well.' 
402,199579_2,ob,to close bugs…,'As a long time QE quality engineering person I really hate to close bugs without a good reason for the resolution.' 
403,252900_7,ob,to read these decriptors…,'It is pretty annoying to read these descriptors.' 
404,244308_1,ob,it,'Completely agree with Jeremy I have just run into this and it is incredibly annoying from a user is perspective.' 
405,296671_6,ob,Tika-config.xml,'tika-config.xml is horrible to us it would be good to pass a META-INF like list to the AutoDetectParser I implemented that for another non-solr project we use at PANGAEA where i used the META-INF list of Tika deleted all unused parsers and passed them somehow to TIKA.' 
406,240203_2,ob,configuration,'Some annoying Hadoop configuration.' 
407,243030_3,ob,“0002”,'0002 is pretty ugly but I am posting it rather than leaving a completely broken patch.'
408,196975_2,ob,the fact that it gets…,'The fact that it gets converted to n when read back in is just plain ugly.' 
409,290774_2,ob,the functionality to ….,'Very annoying the functionality to display an customized error-page seems quite basic.' 
410,218144_2,self,I,'Now I feel dumb.' 
411,234448_1,ob,having two types,'You are right Having two types is very very annoying.' 
412,205859_1,ob,it,'You are right it is very annoying to see.' 
413,214960_2,ob,messages,'IE 5.5/6.0 still throws some really disturbing error messages which I could not yet resolve. '
414,308875_1,ob,typo,'As expected it was a stupid typo please do not look carefully.' 
415,313330_2,ob,issue,'I do not require the whitespace for rendering anywhere at least that I know of this is not going to be a fun way to find out but just about any other debugging issue is going to be terrible.' 
416,249811_1,ob,discussing anything…,'I really hate discussing anything using this stupid tool.' 
417,291115_2,ob,if Uis are created…,'This is really annoying if UIs are created generically.' 
418,252084_10,ob,this,'This is also ugly.' 
419,235355_4,ob,that visitparents…,'i think its really stupid that visitparents visits the current component so -1 on just updating the javadocs.'
420,312995_1,ob,Http. dev.rubyonrayls.org…,'Not the only ones who have hit this nasty 
421,283323_2,ob,restriction,'This is an annoying restriction but we should not break it -87 10 +92 6 return If the encoding is already right we can bail if encoding.equals_encoding return Do not call super.setCharacterEncoding it is too late and we will get a warning _encoding = encoding however since the WARNING is without any harm we could simple keep the current behavior...'
422,315595_2,ob,problem (to work around),'I run into the same problem every now and then and it is always annoying to work around.' 
423,252278_1,ob,buttons,'The buttons are quite ugly.' 
424,212037_10,self,I (implicito),'so terrible my English is!!!' 
425,293153_3,ob,flickering,'At the moment the 2nd fix is active because the 1st one causes ugly flickering. '
426,209728_7,ob,this/issue,'This is an annoying issue meaning we have to manually specify how to convert each set of list data.' 
427,289243_3,ob,way,'The way the JSP tag overloads the 'type' attribute to allow specifying an instance is ugly.' 
428,293322_2,ob,solution,'But ... this solution is really ugly The flickering at the and of the string.' 
429,294350_1,ob,this/bug,'This is indeed a annoying bug I have replicated it locally in a test case.' 
430,194909_1,self,me,'Yeap stupid little me should check the FAQ now and then .' 
431,316850_1,ob,experimentation,'I have been doing a lot of experimentation with Maven and have come to hate it.' 
432,301966_7,ob,that I get warnings…,'What is really annoying is that I get warnings at generated lines like these public override int GetHashCode int hashcode = 0 unchecked hashcode = hashcode 397 .Value == null ?'
433,207730_3,ob,effect,'I think the file upload docs should point out this nasty nasty side effect.' 
434,195734_3,ob,it,'And yeah it is annoying in scripts . ' 
435,214188_2,ob,which (label),' generates it still writes that empty label tag which is annoying.'
436,197675_6,ob,instead of … (implicito),'I just want to use for example XPathAPI doc ' SMARTDOC/SIGNATURES/Signature/SignedInfo/CanonicalizationMethod/Algori thm' instead of ElementgetElementsByitem0...firstChild..ugly...'
437,252084_6,ob,having the client…,'Having the client side and server side behave differently is kind of ugly.' 
438,217799_1,ob,problem,'That is a really good bug report... this problem is been annoying me for a VERY long time.' 
439,249953_3,ob,workaround,'One nasty workaround for your problem would be to subclass VelocityEngine which delegates everything to Velocity.' 
440,251716_1,ob,way (the javascript validators…),'Urghhhhh yes this is a problem and all down to the horrible way the javascript validators are structured to 'call back'.' 
441,200136_5,ob,difference,'Yes this difference in the DOM and XPath data models is annoying.' 
442,221532_1,ob,that we have to have…,'It seems that we have no choice but to implement it as Bryant suggested but I really really really hate that we have to have special handling for a weird requirement of the SRV spec.' 
443,316070_1,ob,component,'Grabbing the big ugly ImageSubmit component -.' 
444,233337_8,ob,code,'And finnaly the code listed above is ugly because the code does nothing in all cases returns getApplication.getSessionSettings.getPageFactory ....' 
445,199252_1,ob,bug,'The stupid namespace bug is fixed but the test still fails.' 
446,241523_11,ob,situation,'What an annoying situation you ca not even use a http tunnel because then the client would compare the received hostname with 'localhost'' 
447,199195_6,ob,when property settings…,'b.t.w. I HATE when property settings make this big a difference 'cause its impossible to find the exact documentation on this kinda of stuff.' 
448,217890_2,ob,it,'It is a bit annoying in Apache ODE as we have to ask our users to work this around.' 
449,252433_2,ob,issue,'This issue is really quite annoying.' 
450,313935_34,ob,encoding,'Once again given that there will be potentially hundreds to thousands of UserHistoryEvent objects in EACH of those relationships encoding the target entities or their pk's into the url is ugly and really not scalable.' 
451,243691_8,ob,thing,'The Java 5 thing is annoying and I found it non-trivial to change the layout e.g.'
452,297797_5,ob,it (implicito),'I know pretty ugly but I think that is how browsers handle it. ' 
453,246263_5,ob,format ,'I really dislike the format 'scheme userHost' where the password is hidden with it is kind of ugly and I do not think it serves any purpose to show the .' 
454,300318_15,ob,to pass pointers,'Also note that it is annoying to pass pointers to POD and string literals in Go.' 
455,207912_4,ob,this,'This is quite annoying... ' 
456,308814_1,ob,bug,'This bug is really annoying.' 
457,231224_1,ob,exceptions,'and now you dont base your flow on exceptions which i find kind of ugly' 
458,284880_1,ob,workaround,'Yes indeed the given workaround is ugly.' 
459,244578_23,ob,that (one could have…),'One could have different transform rules for some types of element insertions but that is very ugly and essentially introducing a separate operation type anyway.' 
460,215759_2,ob,(missing?),'The need for PAGE_CONTEXT is due to some very complex and annoying!' 
461,282051_9,ob,this,'This is annoying and fragile.' 
462,301186_13,ob,(using Thrift?),'4 Now that I am using Thrift in anger I find that the fidelity of the language-binding for the types that already exist seems far far more important than adding new types.'
463,251055_2,ob,it,'It is definitely annoying.' 
464,281093_3,ob,which (add new 64-bit…),'Alternatively we would have to add new 64-bit variants where necessary which seems annoying.'
465,198039_2,ob,work,'I had to do a lot of annoying repair work before I could run it due to the extra line-breaks that were inserted when you pasted into the web form in the future please use Bugzilla is 'Create a new attachment' mechanism.' 
466,211330_4,ob,this,'While this is annoying and could potentially be an issue which is why I suggest we block the 'session' parameter in the next release it does not allow any method execution or server-side state change and therefore I do not consider it a security hole.' 
467,237893_1,self,me,'Thanks a lot igor and... shame on me for this mistake.' 
468,310077_1,ob,proposal (For WildCard types),'For WildCard types in C++ a dumb proposal.' 
469,420147_6,ob,editors,'I was a big fan of Hungarian notation in C when I was using dumb text editors ... it does not add enough value in an O-O language with modern tools to make up for the fact that my eye stutters over it every time I see it.' 
470,1692069_1,ob,logic,'The old logic had no hope of working.' 
471,251716_1,ob,way (the javascript validators…),'Urghhhhh yes this is a problem and all down to the horrible way the javascript validators are structured to 'call back'.' 
472,689788_1,ob,Mmap (ambiguo),'Oh shit on windows a very lot of tests are failing with MMap.' 
473,1726746_3,self,me,'Ok this is just me being stupid.' 
474,330777_15,ob,to see that happen,'This could ultimately sour them on Struts and being a Struts supporter I would hate to see that happen.' 
475,755701_2,ob,it,'It is really annoying since this actually prevents you from checking for valid paths in your code since itemExists is often called first.' 
476,714685_1,self,I (implicito),'After rereading all comments I see I made a terrible mistake.' 
477,758571_3,ob,error,'It was a stupid error in my code.' 
478,973583_2,ob,test,'I was tempted to plain remove it because its kinda dumb test tables have no data and one region only.... does same task 100 times.'
479,1334343_1,self,me,'ah stupid me missed the isEmpty.' 
480,319679_1,ob,that,'un-reopened... that was dumb we should just track it in the other defect.' 
481,725564_5,ob,that,'ReassignPartitionsCommand 2.1 I did not do that as it makes the code ugly and it does not cause any harm.'
482,262686_1,ob,issues,'I committed fixes for annoying issues with the plugin TUSCANY-2175 in trunk SVN revision 643158.'
483,418310_7,self,me,'stupid me I saved that cleanup once I got the guice working.. and then I forgot.' 
484,251846_13,ob,page,'I know the page is ugly and maybe quite confusing specially after seeing Niall's...' 
485,1317742_1,self,I,'I am being dumb.' 
486,1165476_28,ob,nan,'Reporting every 30000 msecs 355024 more msecs left before giving up.'
487,1444883_1,self,I (implicito),'Sorry duplicate of a bug previously submitted by myself......how dumb is that?' 
488,579074_8,oth,users,'They also do what they do as part of a bigger picture of making it easier for dumb users to use the systems.' 
489,1191583_2,ob,solution,'Obviously though this is not a good solution to the problem since we cannot select different locales when there is more than one language involved. ' 
490,262373_3,self,I (implicito),'I had deleted some non-security changes in the previous patch and I might have deleted too much.' 
491,563625_9,ob,pages,'If we follow your proposal bad pages would promote more agressively than good pages...' 
492,1060817_4,ob,lists,'Please have a look how ugly lists are now.' 
493,316192_1,ob,components,'I have a bunch of ugly components for opening popups at the same time than you click on a LinkSubmit or DirectLink.' 
494,314472_1,ob,results,'I have been adding logging output to see what is going on in getting some ugly results 090305 483 INFO Startup time 137 ms to build IoC Registry 359 ms overall.'
495,308121_1,ob,problem,'Jonathan you have stumbled on an old ugly problem in Thrift.' 
496,1351420_1,self,I (implicito),'I made a stupid mistake in my fix.' 
497,1691691_2,ob,bug,'Thanks a lot John for fixing this ugly bug!' 
498,684997_3,ob,issue,'836176 Thanks uwe I did look at the right one first I hate that AM / PM issue.'
499,495127_3,ob,that,'That is pretty ugly and still wo not cover certain cases but it will work for this user and previous users.' 
500,1164276_1,ob,time (indir. trying to run the tests),'I am having a terrible time trying to run the tests in the provided testing structure of Gora ant/maven therefore I am running the tests completely isolated.' 
501,439299_107,ob,destinations,'If you make the Destinations fairly dumb then you end up complicating your session implementations.' 
502,573093_1,ob,HTMLOutputText,'I did not complain that the UTF-8 characters would be passed incorrectly I did complain that the HTMLOutputText does not work properly.'
503,335952_6,ob,forcing/burden,'Forcing people to iterate through the messages even for just one message and insert markup is not a good solution because it is an unreasonable burden.' 
504,924432_4,ob,figuring out the correct…,'I had a terrible time figuring out the correct patterns to exclude these files.' 
505,388295_1,ob,that/idea,'Thomas I think that is a really horrible idea.' 
506,569585_3,ob,scripts,'What I did notice a while ago was that those scripts are very annoying when doing AJAX.' 
507,479595_1,ob,images,'It does not crash for me Java 1.7 Windows 7 64 bit pdfbox 2.0 but the images rendered are terrible.'
508,318785_1,ob,it,'Apparently there is a workaround so it is annoying but not critical.' 
509,333730_1,ob,to do so for such a simple…,'I could certainly subclass RequestProcessor but considering the multitude of issues surrounding subclassing RequestProcessor already I hate to do so for such a simple little thing as more logging.' 
510,694701_4,ob,position,' to remove initDISIQueue from next and skipTo also the same in DisjunctionSumScorer ... this is due to this ugly -1 position before first call I just do not know how to get rid of it to switch to Conjuction 'mode' if minNrShouldMatch kicks in.... there are already todo-s for it arround if you think you can use it just go ahead and include it in your patch I am not using this for anything just wrapped it up when you asked. '
511,335025_2,ob,to have to patch…+workaround,'This patch is required for correct operation it is unacceptable to have to patch either the Struts library or include a statement setting the value of Globals.XHTML_KEY to 'true' as the first line of each tile .' 
512,337173_14,ob,initiating an action…,'On the other hand NOTHING is more annoying than initiating an action on a web site being forced to log in then finding yourself back at square one.' 
513,648697_7,ob,number,'They do have lots of great solvers but I have been seeing a disturbing number of bugs fixed on their SVD implementation lately I mean fixing bugs is great but having them in there means we do not know how many more there are and the impls there are translated from fortran and the code is very dense and hard for me to debug if I see a bug pop up personally.'
514,258383_4,ob,to implement this,'You can get an idea of how ugly it was to implement this just by scanning the patch quoted below.' 
515,672732_3,self,I (implicito),'Stupid mistake on my part.' 
516,335621_2,ob,situation,'This is an annoying situation.' 
517,414406_1,self,I (implicito),'Hi Jesse stupid question from me.' 
518,1690673_4,ob,configure.ac,'I kept the indentation from our existing code in configure.ac I know it looks ugly but everything configure is ugly imo .' 
519,658526_16,ob,that,'But that starts to get ugly ... not sure it is worth it for only 6?'
520,329631_2,ob,this,'This would be terrible for I18N sites.'
521,545629_6,self,nan,'and '..' being valid names for a Tree or a PropertyState and since the OAK API is on a different level of abstraction than the MK I do not see why we should be bound to the same level of ignorance.' 
522,587003_2,oth,people,'Those annoying people who pay me a salary have been actually consuming me time recently and I havent gotten done what I hoped.' 
523,1194923_8,ob,Bitstream Vera,'Bitstream Vera is no good to me since it does not contain all the Sï¿½_mi characters.' 
524,257826_5,ob,to have to implement+that,'I hate to have to implement this by scanning every string for bad characters prior to serialization that just seems so wasteful.' 
525,315620_1,ob,specifying,'Specifying pages starting with /WEB-INF is IMO ugly.' 
526,329777_9,ob,to see us…,'I would hate to see us repeatedly having this conversation.' 
527,755277_1,self,I (implicito),'That was really stupid on my part my apologies.' 
528,706166_2,oth,person,'OK... let is get every stupid person in here... ' 
529,304606_18,ob,way (to let Tbase),'An ugly way to work around this would be to let TBase remain a new style class and offer an additional compiler flag to indicate that users' exception structs need to be old style classes and generate out their explicit read and write methods so a class like Xception only inherits from Exception which will always work in python 2.x and up.'
530,586591_1,self,I (implicito),'Sorry for my stupid suggestion in the first post.' 
531,329846_5,ob,this,'This is simply horrible and unacceptable.' 
532,429721_4,self,I (implicito),'I did not re-install after moving to 0.10.x for shame!....'
533,347556_1,self,I (implicito),'Actually I have just realized that I spent too much thinking about technical details and I have completely missed the non technical ones.' 
534,251568_8,ob,validator (generico),'At the moment validator does not validate an input field with multiple values quite annoying sometimes.' 
535,699160_3,ob,modifying MemoryIndex,'I agree that modifying MemoryIndex was horrible and I have removed that dependency just did it as a 'quickfix'.' 
536,1021024_43,ob,serverAddressToServerInfo,'Removes the dumb serverAddressToServerInfo from ServerManager.' 
537,526938_2,oth,somebody,'No need to say that if somebody beats me on it I will not complain' 
538,257545_1,ob,twins (Eclipse and Maven),'Thilo The terrible twins Eclipse and Maven are driving me crazy.' 
539,649272_9,ob,drain,'It is a horrible performance drain.' 
540,727527_1,ob,api,'Guys previously we had a terrible api to fetch metadata.' 
541,1345784_2,ob,doing refactorings,'I also plan on adding more tests cause I hate doing refactorings without having a safety net.' 
542,252084_6,ob,having the client side…,'Having the client side and server side behave differently is kind of ugly.' 
543,330924_6,ob,solution (having all checkboxes…),'In other words having all checkboxes 'off' by default sound like a pretty dumb solution.' 
544,309376_1,ob,this,'That is fairly annoying is not it?' 
545,1326017_1,ob,bug (?),'Ok going mad that patch does work other unrelated bug was causing eclipse plugins not to load on startup.' 
546,1067470_3,self,I (implicito),'They were missed in the original patch shame on me. ' 
547,472046_3,ob,that,'So that is not so good especially since I let you serialize complex schemas!' 
548,409357_1,ob,strings,'Felix I think I removed the 'Stacktrace' strings because they looked 'ugly' in the output and it was somewhat obvious that these are stacktraces or the word stacktrace was duplicated in the end.' 
549,319135_1,ob,code,'Takes some ugly code for this to be triggered ... an object is toString must return null which is generally a no-no.' 
550,482326_2,ob,bug,'This bug is really annoying.' 
551,706167_4,oth,you (r stupid reply implicito),'I have removed your logging system and will write my own since your stupid reply this morning...' 
552,308240_1,ob,warning(s),'This warnings is really annoying.' 
553,777688_1,self,I (implicito),'Thank you for your support but I did a terrible mistake.' 
554,739718_9,ob,when I have to define…,'I hate it when I have to define properties in my HOME/build.properties without a proper namespace.' 
555,734625_1,self,I (implicito),'Stupid of me not to notice it...' 
556,307734_1,ob,issue,'Here is one way to fix this annoying issue 
557,715620_2,self,I,'I was being dumb and calling getClass on the key when it came back from the map and as it was the Class object itself that meant it returned java.lang.Class from the bootstrap loader.' 
558,1327379_4,ob,documentation,'Terrible documentation on this I know.' 
559,307663_2,self,me,'Stupid of me.' 
560,316680_5,ob,stuff,'Ugly stuff but it will do for the moment.' 
561,320528_3,ob,block,'But that would be an ugly block of inline?' 
562,412565_1,ob,this/projects,'I do agree that this is not good on a sweeping level but I also hate projects that make all instance variables private to the point that classes that should be extensible are not extensible because you ca not extend them and access the data that you need.' 
563,574610_2,self,I (implicito),'Very dumb typo of mine Fixed in SVN head.' 
564,1193072_1,self,I (implicito),'This was discussed onlist and Tim assures me that it is possible so it may well have been a stupid mistake on my part.' 
565,1013657_1,self,I (implicito),'I tried several incarnations of reproducing this but I am apparently doing something stupid because I ca not seem to get to the same state where it was breaking in my local dev environment.' 
566,334184_3,ob,to open a bug…,'It is extremely annoying to open a bug only to have it immediately marked 'resolvedwontfix' just because there is a work around.' 
567,810059_3,oth,(self?),'feel free to delete this post but please let me know if i am that dumb !' 
568,255824_1,self,I (implicito),'Please bear with me as I display my maven ignorance....' 
569,666448_1,ob,tools,'Interesting I didnt look at PMD although that is more down to my personal dislike of code lint tools that do source code analysis shrugs It was a fun distraction anyhow' 
570,460483_2,ob,Argv,'Argv is pretty ugly...'
571,329639_12,ob,submitting 340K,'Submitting 340K of modified struts-html.tld seems just too much.'
572,538616_5,ob,keys,'I am sorry I sent the minimal patch without explanation I hate browser hot keys... You can push either this complete patch or do 'mvn -P codegen' after importing the minimal patch and then push the result.' 
573,1616161_7,self,I (implicito),'I kept the script pretty dumb.' 
574,565252_2,ob,(silent-)catches,'Ask the committer why he made this change.. Also I really sorry hate the silent-catches all over NPanday.' 
575,1201812_1,ob,putting that stuff…,'OK yet another one of my gut feelings at the time has hereby been proven correct putting that stuff in addChildNode was not such a good idea...' 
576,1035454_3,ob,it,'My guess is that its dumb and explains output of git diff at top-level of hbase checkout.' 
577,320192_9,ob,work,'It is too much work.' 
578,2075144_2,ob,it,'While I prefer it when I write code it is really worthless on generated code the more I think about it.' 
579,305018_7,ob,to re-use config.h,'to re-use config.h and define HAVE_CONFIG_H I find it in practice annoying because it assumes 'config.h' is at the same level of 'Thrift.h'.' 
580,310678_11,ob,tools,'In fact these tools are far better than trying to post patches to this list for the ongoing branch and having people review them that way not only it is a lot more overhead on my part the tools for reviewing a patch here just are not as good as the git web tools are.' 
581,251055_2,ob,it,'It is definitely annoying.' 
582,314809_1,ob,MultipleFormSupport,'BTW the 'new' MultipleFormSupport is an ugly copy-paste of 'FormSupportImpl' mostly due to the fact that _cycle is private in FormSupportImpl Making it protected saves more that 750 lines... the other solution is for the subclass to also keep a copy of that field when it is passed in the contructor still ugly!'
583,566672_4,self,I,''   total e  return total I am stupid with the IO operators can anyone tell the property of the method .' 
584,425398_6,ob,it,'So far it has not give me any good but delayed a number of great comments and possibly turned some people away from my blog.' 
585,493299_2,ob,formatter/splitting,'I have had terrible luck with the Eclipse source formatter with usually several lines in a source file not being split to 80 or having weird line splitting no matter what options I set.'
586,2120525_2,self,me,'Please close as this is just me being stupid.' 
587,1342428_1,self,I,'grrr I am a dumb ss... You are plain right this is an issue.' 
588,1340130_1,ob,loop,'Seems like copy-paste does NOT work directly and you get an annoying loop when trying to open the newly pasted search it tries to open the other connection and remembers this making your current connection useless because it automaticly opens the connection from where you started copying the search But if you close down Directory Studio and starting it up again both the loop problem is gone and the search has replaced the server information correctly so you actually can start using your newly pasted search' 
589,751618_13,ob,hack,'As it stands now that is how I am accomplishing this but it is an ugly hack requiring me to locate my subclass in the package in order to make use of the class.' 
590,314873_2,ob,typos,'Stupid typos took me a while to track down.' 
591,756748_2,self,I (implicito),'Aaarrggh how stupid of mine to have a System.out again!' 
592,395283_3,ob,this/fix,'This is somewhat an ugly fix but at least the output is better for me.' 
593,1327878_18,ob,,'If you just use Embed-Dependency then you are telling BND to add the contents of the jar or the jar itself but do not say which packages should be made public so you can leave out exportcontents but then you wo not be exporting any packages this is ok if you are not expecting other bundles to use the packages Also is ugly.' 
594,807428_1,self,me,'Stupid me!' 
595,257786_4,ob,the user editing…,'So unless we wanted to ship the plugin with extra entries in its manifest this would require the user editing the manifest file which is pretty ugly.' 
596,308814_1,ob,bug,'This bug is really annoying.' 
597,1442905_1,oth,you,'I wo not resolve this until you comment further in case you can offer some idea of what we can do with an element with no type other than to complain. ' 
598,651591_5,ob,trust,'I see no hope for medium trust DIGY ' 
599,321479_1,oth,Jesse,'OMG Jesse you are doing the Tapestry community a bad favor reacting the way you do.' 
600,305641_3,ob,catches,'If we are going to put a finally block in TNonblockingServer is run method we should probably at least log whatever gets thrown I hate silent catches.' 
601,405316_9,ob,reason,'Having a buffer per ContentData dates way back before Apache Sling and has probably cannot remember any more sorry done for some stupid reason in the pre-HttpServletWrapper days.....' 
602,334844_3,ob,that this is ultimately…,' common/core/ForEachSupport.java?rev=1.6&view=markup Also of course that this is ultimately a problem of broken tag pooling implementations is annoying.'
603,684056_2,ob,it,'I think it looks kinda dumb but if its useful I will commit it. ' 
604,1200782_13,ob,attribute,'The more I look at that attribute the more I hate it so I guess I am motivated Since I will be leaving for ApacheCon in a few hours I may not have enough time to finish applying the current patch.' 
605,485049_1,ob,code,'Hi I am a bit wary of moving code changes around too much I always end up forgetting or missing something.' 
606,733717_3,self,I (implicito),'Details are fixed my own stupid typo bug in AbstractReferralPlugin.' 
607,1328005_2,ob,exception,'I guess I will have to better package my exported interfaces in order not to get this ugly linkage exception then.' 
608,408690_3,ob,provider,'Re OpenID Provider I assume for testing purposes a stupid provider might do it right ?' 
609,646302_1,ob,Partitioner,'I had used a stupid custom Partitioner simply switching to HashPartitioner did the trick.' 
610,303770_1,ob,adding _DHAVE…,'Same issue on ubuntu 11.10 autoconf GNU Autoconf 2.68 automake GNU automake 1.11.1 gcc Ubuntu/Linaro 4.6.1-9ubuntu3 4.6.1 Adding -DHAVE_INTTYPES_H to my Makefile helps but it is ugly.'
611,1324553_10,ob,line,'That simple change would require translation of all resource bundles or leave the ugly line in the original resource bundle Framework has been stopped.=The OSGi framework has been stopped.' 
612,1690579_1,ob,patch,'this is a stupid patch for the current issue it will not prevent all the crashing.' 
613,414019_31,ob,crypter,'It also seemed like the crypter was a terrible place to be doing this.' 
614,1147009_4,self,me,'Sorry for the naiveness I did not know that Hudson was triggered by the 'Patch Available' status... skipped an important section in the wiki page shame on me!' 
615,317545_3,ob,when I notice…,'It is just going to be annoying when I notice it again but more than one workaround are possible.' 
616,1193497_1,self,mistake,'Sorry for my stupid mistake I really believed I had the filenames right-/ it is working as it should when the filenames were corrected.' 
617,810151_1,self,me,'Oh my shame on me.' 
618,256441_2,ob,it,'I always turn it off and it is quite annoying when I forget.' 
619,427205_2,ob,it,'It is cryptic and ugly for users and really does not tell them what they should do about the problem.' 
620,669951_4,oth,Robert (you),'Robert you are blaming Uwe for your own future bad behavior when he threatens to use your tactics against you?' 
621,681099_12,ob,libraries,'7 - I really really really really hate libraries that print something I did not ask them for.'
622,818564_3,ob,that each ‘ant test ...’…,'Please sanity check I am not familiar enough with ant so I could have missed something... it is sometimes annoying that each 'ant test ...' cleans and rebuilds the tests.' 
623,403230_1,ob,exception,'Yes it is harmless exception but given that upload file is very frequent operation it becomes ugly.' 
624,321131_5,ob,that I had to ovveride,'What is annoying is that I had to override PageLink ActionLink EventLink and Form to take a map of query parameters to add to the URL.' 
625,1695157_2,ob,log,'I am attaching a somewhat ugly log from my 1.1 client test bed. '
626,317376_1,ob,that the main complaint,'What is annoying is that the main complaint is that the artifact ca not be found even though the POM contains the repository reference maven-play-plugin Maven Play Plugin ' 
627,338289_1,self,I,'I am stupid and forgot what file this bug was talking about I wrote up the description for this in an email a few weeks back.' 
628,734624_1,self,me,'Shame on me lack of a nice formatter I made an error with getting the month Date.getMonth returns 0 to 11 not 1 to 12.'
629,1024732_5,ob,hack,'I did it previously but it was an ugly hack something I would not like to repeat.' 
630,254491_3,ob,(implicito),'Really annoying...' 
631,320389_2,ob,to re-implement,'I am developing my own application over 1 year in tapestry 5 with extensive use of javascript and it drives me really mad to re-implement parts of my javascripts each time when tapestry updates from 5.1.0.x to 5.1.0.x+1.'
632,309786_3,ob,(‘comment) fix’,'I will check the modeline because I do hate the 'comment fix'.' 
633,811834_5,self,me,'Obviously there are no params for the state stupid me.' 
634,329492_1,ob,question,'So dumb question.' 
635,316192_2,ob,this,'This is really ugly because it requires to 'copy' the whole code and make some additions.' 
636,689482_1,ob,junit (implicito),'michael i guess junit from my eclipse != junit from ant because it passes in eclipse...annoying I will fix the test so it runs correctly from ant.' 
637,307540_12,ob,code,' Some of the code is pretty ugly and there are no test cases defined.' 
638,253514_3,ob,process,'Here is some information about this process I also think that this process is quite annoying because everytime m2e gets the idea of building the uimaj-ep-textmarker-engine or the uimaj-ep-runtime project it breaks both jars since the unpack-dependencies is deativated.'
639,676191_1,ob,support,'We removed support for stupid GZIP compression support in stored fields in 3.0.'
640,736384_2,self,me,'How stupid of me.' 
641,1691543_1,ob,patch,'Slightly better but still ugly patch.' 
642,315849_1,self,I (implicito),'OMG....I kept ignoring the little voice in my head that kept telling me to go look at the portlet code because I rememered reading something about being able to render different response types to different portions of a page.' 
643,707984_1,self,I (implicito),'head desk That was a stupid mistake on my part.' 
644,2051552_1,ob,this,'This is indeed quite annoying since the eclipse classpath gets polluted you can accidentially use classes from the runtime deps in the code and you are in for surprises if you compile with maven only.' 
645,314650_1,oth,guys,'Seems like that this browser bug in IE is still not fixed even in IE7 I hate those MS guys This causes the problem because the SELECT boxes are updated via innerHTML. '
646,305687_8,ob,to have to keep…,'Might be more trouble than it is worth but I would hate to have to keep track of the same bugfixes in two locations.' 
647,944255_2,ob,questions,'Now come the dumb questions.' 
648,427978_1,self,I (implicito),'CORRECTION/ADDENDUM It is late and I am doing stupid typos.' 
649,409662_1,self,me,'How stupid of me I coded this and when looking for why the source file is not around anymore I did not see it ....' 
650,742492_1,self,nan,'Hmm looks like I made a dumb error there is no close call on the query executor in my test code which causes it to be left open until such time as it gets GCd on the client.' 
651,642768_11,ob,nan,'I am actually forcing myself to deal with the fact that the world has decided on the horrible vertically misaligned braces choice every day maybe that makes me blind to other style issues.' 
652,319632_2,ob,nan,'Time zones are almost as ugly to work with as character sets.' 
653,315478_2,ob,nan,'Of course urls for static resources in normal servlet apps that contain the jsessionid param are 100 valid but if you ask me really ugly.'
654,1034810_1,self,nan,'My test case was a false positive stupid mistake on my part. ' 
655,477261_3,ob,nan,'The refactoring of BC slowly becoming annoying.' 
656,1698782_2,ob,nan,'Sorry I could not write before I hate Mondays.' 
657,684490_1,ob,nan,'I will take a look anyway too bad I ca not find my stupid automata text book already bought the stupid thing twice in my life.' 
658,653763_5,ob,nan,'My ant-foo is too weak for me to be sure I did not set up some kind of horrible circular dependency that has not hit me.' 
659,738547_1,self,nan,'Attached the psml page in question incase I have done something stupid spelling errors or other such inspite of my checking ' 
660,413403_3,ob,nan,'We have certainly made some progress on some process related things but the site and documentation are still terrible.' 
661,798922_3,self,nan,'So everything is fine .. stupid me.' 
662,398784_1,ob,nan,'We are having this annoying trace too. ' 
663,807405_1,self,nan,'omg I am very sorry forgive my ignorance!' 
664,317577_2,ob,nan,'Its an ugly solution but seems to work as a stop gap.' 
665,309672_8,ob,nan,'The problem here is that dict are mutable as well they are unhashable d1 = dicta=1 set Traceback most recent call last File '' line 1 in TypeError dict objects are unhashable So the only workaround is to use a tuple as they are immutable holding two integers to represent uuids but it is kinda ugly.'
666,510014_1,self,nan,'Well ahm before everyones rotflol or something similar shame on my head my little testprogramm was terribly wrong in two ways actually.' 
667,324280_1,ob,nan,'Please also try to login with other user than admin for example user1 / password since plain users differently from admin have a link to edit their own profile the result is quite ugly ATM.'
668,347703_1,ob,nan,' I thought it was not giving me a way to add reviewers but it turns out the interface is just terrible and/or I am an idiot.' 
669,312730_4,ob,nan,'Hopefully it wo not come to that because that is an ugly solution code that uses ClassFactory would have an additional requirement to manage a mutex.' 
670,984747_5,ob,nan,'Its super ugly that you have to parse exception message to get exception data member fields... but thats not your fault.' 
671,811245_24,ob,nan,'Do you think there is way doing without that ugly HttpMethodBase cast?' 
672,728587_2,ob,nan,'The perms on mino are ok some stupid bug we ca not track down.' 
673,335233_3,ob,nan,'We will not wrap code in empty try catch blocks because that is a terrible coding practice.' 
674,1334410_3,ob,nan,'After some more investigation I found a stupid bug in our system that was deliberately throwing away the original email from the reply.' 
675,356415_7,ob,nan,'You need to have people with a real security background who know what the fuck they are doing to ensure correctness.' 
676,319756_2,ob,nan,'That stupid m2eclipse was using a snapshot from december instead of updating it to the most recent and I had workspace resolution turned off.'
677,1089377_6,ob,nan,'My memory is sketchy but I was having terrible problems writing a matrix of tests for SIMPLE/PLAIN/KERBEROS/TOKEN client & server interactions.' 
678,315391_11,ob,nan,'I would also hate to have to go back to .page and .jwc files since there are so many files that I have changed.' 
679,375674_2,ob,nan,'Stupid OS X and it is refusal to properly support 1.5'
680,256979_2,ob,nan,'However an ugly exception was logged in the aggregate client is logfile Hopefully there is some way to tell the spring listener not to do this.' 
681,319274_1,self,nan,'shame on me!' 
682,306885_4,ob,nan,'That is going to be pretty annoying since it does not allow for a graceful upgrade.' 
683,1130184_1,self,nan,'4703_20081120_0.18.patch for 0.18 I hate that I typed an incorrect jira number in my previous file name.'
684,2044553_7,ob,nan,'This is really annoying as I have learned to use the custombeans a lot and now I ca not edit any form I need to move the form to another temporary project in order to edit it.' 
685,598997_39,ob,nan,'Not difficult to do but it is annoying.' 
686,401264_2,ob,nan,'The code is horrible JmsTemplate102 not much help but the hopefully you can do better than me.'
687,309745_1,ob,nan,'I hate to see this patch languishing here.' 
688,254457_2,ob,nan,'I was selecting type systems today for at least half an hour a bit annoying.' 
689,1190733_2,self,nan,'I did a stupid mistake.' 
690,344967_2,ob,nan,'I just ca not reproduce it and I am not seeing it in server error logs so I am just giving up on this bug.' 
691,253836_9,ob,nan,'And the resulting project/pom would contain some ugly folder structure and listings of calls for different versions.' 
692,649429_5,ob,nan,'Personally I hate that coz the code base just bloats when number of M/R jobs increase.' 
693,1085726_3,ob,nan,'I have a few comments/questions Parsing the MapReduce job name out of the DFSClient name is kind of an ugly hack.' 
694,419548_1,self,nan,'Oops I am a dumb azz!' 
695,1726741_2,self,nan,'I feel like this patch I am providing is really dumb because it introduces another profile for no sake other than the name.' 
696,331018_2,ob,nan,'And the annoying thing is that to support catalog/name lookups either need two properties or an unreleased version of chain which has a syntax for splitting a single string 'catalogcommand'.' 
697,320831_4,ob,nan,'That is very ugly since I had to hardcode the event link in order to make it send the event to the Select object because it has the necessary code to inject any input tag to its containing form in the onChange method or otherwise I would get the 'component must be enclosed by a Form component' error.' 
698,965843_2,ob,nan,'That was me with stupid svn.' 
699,411734_2,ob,nan,'Those were annoying!' 
700,250458_2,ob,nan,' In order to bypass that some ugly setAccessibletrue will be needed.'
701,587559_1,self,nan,'Sorry for this dumb mistake.' 
702,396204_4,ob,nan,'It is easy to fix / work around add this dependency explicitly into our feature file but it is annoying... Best Christian' 
703,684491_2,ob,nan,'I will take a look anyway too bad I ca not find my stupid automata text book already bought the stupid thing twice in my life.' 
704,408313_3,ob,nan,'My only possible issue with that is setting up a new one the first time sling starts up would be annoying unless there is some way to push things into the repo on startup?.' 
705,327964_2,self,nan,'I made a terrible mistake a couple of days back and have copied the wrong Synapse 1.1.1 JARs into the repo which got synced into the Central Repository.'
706,1016362_1,self,nan,'/me dumb it is my own debug that NPEs.' 
707,2081112_1,self,nan,'Of course you are right how stupid of me !' 
708,563392_7,ob,nan,'And what is really unfortunate is that many of these sites are low-bandwidth hosters in Korea and China so your crawl speed drops dramatically because you are spending all your time waiting for worthless bytes to arrive.' 
709,784633_2,ob,nan,'stupid copy-paste-with-one-newline-too-much sorry ' 
710,324269_3,ob,nan,'Link color is quite ugly.' 
711,677229_2,ob,nan,'I ca not stand not having syntax/error highlighting in my IDE always having to regenerate the .jj file with 'ant javacc' only to find i made a stupid typo. ' 
712,452350_2,ob,nan,'The simple 'solution' looks terrible.' 
713,319577_6,ob,nan,'In the end the only way I could get rid of ugly arrow icons in IE8 was with DIV.t-palette-controls BUTTON IMG Unfortunately this latter solution is the I will have to go with in order to get a commercial product out of the door deadline is a couple of days' time!'
714,254574_6,ob,nan,'I think the functionality of the CEV plugins should be integrated in the CAS Editor in future because actively using two different editors for xmis is really annoying.' 
715,408982_1,ob,nan,'I hate to have to implement workarounds for broken app servers but agree that it is useful for Sling to be resilient again such problems.' 
716,807221_3,ob,nan,'Hence the callback cannot be triggered unless somebody puts maliciously stupid code into derived class constructors.' 
717,811243_12,ob,nan,'Do you think there is way doing without that ugly HttpMethodBase cast?' 
718,810379_5,ob,nan,'What a ugly piece of an URI -/ I consider this 'bug' as fixed ... shall I close it ?' 
719,580755_2,ob,nan,'Here are my reasons git submodules are horrible.' 
720,337138_2,ob,nan,'That is a pretty disturbing issue to get into a production release.' 
721,404498_2,ob,nan,' I would hate for an implementation change on the JR side to cause this to break again.' 
722,335894_3,ob,nan,'It can be worked around with JavaScript in the submission but that is quite ugly.' 
723,258066_2,ob,nan,'It is super annoying when tooling removes your carefully placed XML comments.' 
